{"cameraMode":{"drawMode":0,"name":"Shaded","section":"Shading Mode"},"sceneLighting":false,"audioPlay":false,"sceneViewState":{"showFog":true,"showMaterialUpdate":false,"showSkybox":false,"showFlares":true,"showImageEffects":true,"showParticleSystems":true,"showVisualEffectGraphs":true,"m_FxEnabled":true},"in2DMode":false,"pivot":{"x":-0.0000019073486328125,"y":11.45569896697998,"z":-0.009862899780273438},"rotation":{"x":-0.3664282262325287,"y":-0.024846384301781656,"z":0.009788842871785164,"w":-0.9300880432128906},"size":57.72366714477539,"orthographic":false}