{"cameraMode":{"drawMode":0,"name":"Shaded","section":"Shading Mode"},"sceneLighting":false,"audioPlay":false,"sceneViewState":{"showFog":true,"showMaterialUpdate":false,"showSkybox":false,"showFlares":true,"showImageEffects":true,"showParticleSystems":true,"showVisualEffectGraphs":true,"m_FxEnabled":true},"in2DMode":false,"pivot":{"x":-0.0000019073486328125,"y":11.455697059631348,"z":-0.009862899780273438},"rotation":{"x":0.16271980106830598,"y":0.43176761269569399,"z":-0.07948927581310272,"w":0.8836432099342346},"size":57.72366714477539,"orthographic":false}