{"cameraMode":{"drawMode":0,"name":"Shaded","section":"Shading Mode"},"sceneLighting":true,"audioPlay":false,"sceneViewState":{"showFog":true,"showMaterialUpdate":false,"showSkybox":true,"showFlares":true,"showImageEffects":true,"showParticleSystems":true,"showVisualEffectGraphs":true,"m_FxEnabled":true},"in2DMode":false,"pivot":{"x":0.7820037603378296,"y":0.9605115652084351,"z":19.03386878967285},"rotation":{"x":0.2001195102930069,"y":-0.13327138125896455,"z":0.027487220242619516,"w":0.9702759385108948},"size":2.671213150024414,"orthographic":true}