{"cameraMode":{"drawMode":0,"name":"Shaded","section":"Shading Mode"},"sceneLighting":true,"audioPlay":false,"sceneViewState":{"showFog":true,"showMaterialUpdate":false,"showSkybox":true,"showFlares":true,"showImageEffects":true,"showParticleSystems":true,"showVisualEffectGraphs":true,"m_FxEnabled":true},"in2DMode":false,"pivot":{"x":-17.706911087036134,"y":2.131286144256592,"z":-5.0668840408325199},"rotation":{"x":0.002588110975921154,"y":0.8905560374259949,"z":0.005067703779786825,"w":-0.4548385441303253},"size":13.290234565734864,"orthographic":false}