{"cameraMode":{"drawMode":0,"name":"Shaded","section":"Shading Mode"},"sceneLighting":false,"audioPlay":false,"sceneViewState":{"showFog":true,"showMaterialUpdate":false,"showSkybox":false,"showFlares":true,"showImageEffects":true,"showParticleSystems":true},"in2DMode":false,"pivot":{"x":0.04450082778930664,"y":1.715999960899353,"z":0.36338794231414797},"rotation":{"x":0.07441411167383194,"y":0.8176530003547669,"z":-0.10856153815984726,"w":0.560465931892395},"size":2.1866023540496828,"orthographic":false}