{"cameraMode":{"drawMode":0,"name":"Shaded","section":"Shading Mode"},"sceneLighting":true,"audioPlay":false,"sceneViewState":{"showFog":true,"showMaterialUpdate":false,"showSkybox":true,"showFlares":true,"showImageEffects":true,"showParticleSystems":true},"in2DMode":false,"pivot":{"x":-1.6149067878723145,"y":1.8789393901824952,"z":5.825124740600586},"rotation":{"x":0.13915075361728669,"y":0.8500643968582153,"z":-0.2784043550491333,"w":0.42487552762031557},"size":2.4522690773010256,"orthographic":false}